City_ID,City,Country,Lat,Lng,Max Temp,Humidity,Cloudiness,Wind Speed,Current Description
0,Thunder Bay,CA,48.4001,-89.3168,29.28,83,100,10.36,Clouds
1,Punta Arenas,CL,-53.15,-70.9167,42.91,81,75,5.75,Clouds
2,Hithadhoo,MV,-0.6,73.0833,82.99,75,29,10.4,Clouds
3,Rikitea,PF,-23.1203,-134.9692,78.48,63,2,10.27,Clear
4,Ust-Ishim,RU,57.6935,71.1665,32.72,74,88,4.18,Clouds
5,Urumqi,CN,43.801,87.6005,67.15,7,0,13.42,Clear
6,Lebu,CL,-37.6167,-73.65,52.25,91,21,7.14,Clouds
7,Arraial Do Cabo,BR,-22.9661,-42.0278,72.18,71,0,7.38,Clear
8,Cape Town,ZA,-33.9258,18.4232,61.92,80,0,9.22,Clear
9,Airai,TL,-8.9266,125.4092,73.99,60,100,1.41,Clouds
10,Bambous Virieux,MU,-20.3428,57.7575,76.21,94,75,1.14,Thunderstorm
11,Ciudad Bolivar,VE,8.1222,-63.5497,83.93,55,39,14.14,Clouds
12,Saskylakh,RU,71.9167,114.0833,29.44,96,100,10.02,Snow
13,Cayenne,GF,4.9333,-52.3333,81.09,1,20,5.01,Clouds
14,Ushuaia,AR,-54.8,-68.3,44.26,93,100,9.22,Clouds
15,New Norfolk,AU,-42.7826,147.0587,60.93,45,100,4.0,Clouds
16,Kenora,CA,49.8167,-94.4337,27.57,93,100,8.05,Mist
17,Langsa,ID,4.4683,97.9683,83.71,71,100,3.29,Clouds
18,Bethel,US,41.3712,-73.414,42.89,55,0,3.44,Clear
19,Carballo,ES,43.213,-8.691,56.55,94,100,7.34,Clouds
20,Lanzhou,CN,36.0564,103.7922,48.58,29,3,3.74,Clear
21,Saint-Philippe,RE,-21.3585,55.7679,74.21,89,14,9.46,Rain
22,Busselton,AU,-33.65,115.3333,63.68,59,92,4.16,Clouds
23,San Jeronimo,PE,-11.9472,-75.2829,48.31,84,53,3.11,Clouds
24,Moron,AR,-34.6534,-58.6198,65.97,86,100,5.95,Clouds
25,Jamestown,US,42.097,-79.2353,34.02,53,0,4.61,Clear
26,Kavieng,PG,-2.5744,150.7967,85.95,65,39,13.73,Clouds
27,Miri,MY,4.4148,114.0089,87.94,74,40,9.22,Clouds
28,Broken Hill,AU,-31.95,141.4333,83.91,21,40,14.97,Clouds
29,Atuona,PF,-9.8,-139.0333,79.74,79,12,18.3,Clouds
30,Albany,US,42.6001,-73.9662,39.58,62,7,6.87,Clear
31,Port Augusta,AU,-32.5,137.7667,69.91,55,100,14.74,Clouds
32,Kavaratti,IN,10.5669,72.642,83.35,71,83,2.68,Clouds
33,Atar,MR,20.5169,-13.0499,85.69,12,100,3.98,Clouds
34,Warrnambool,AU,-38.3833,142.4833,58.8,78,100,12.12,Clouds
35,Liverpool,GB,53.4106,-2.9779,51.62,82,4,10.36,Clear
36,Talnakh,RU,69.4865,88.3972,4.21,93,100,5.21,Clouds
37,Port Blair,IN,11.6667,92.75,86.04,66,20,3.44,Clouds
38,Vardo,NO,70.3705,31.1107,39.51,92,99,10.04,Clouds
39,Avarua,CK,-21.2078,-159.775,80.65,69,20,4.61,Clouds
40,Labuhan,ID,-6.8844,112.2051,85.14,73,63,3.76,Clouds
41,Port Moresby,PG,-9.4431,147.1797,90.82,62,40,14.97,Haze
42,Pringsewu,ID,-5.3582,104.9744,84.45,70,84,2.82,Clouds
43,Rojhan,PK,28.6868,69.9534,86.4,27,100,7.11,Clouds
44,East London,ZA,-33.0153,27.9116,64.58,83,5,13.53,Clear
45,Mae Hong Son,TH,19.3003,97.9685,84.34,65,20,2.3,Clouds
46,Maragogi,BR,-9.0122,-35.2225,78.46,82,100,7.27,Clouds
47,Taldan,RU,53.6667,124.8,37.65,59,100,9.35,Rain
48,Longyearbyen,SJ,78.2186,15.6401,21.04,86,100,4.61,Snow
49,Victoria,HK,22.2855,114.1577,74.17,82,96,1.01,Clouds
50,Constitucion,CL,-35.3333,-72.4167,51.39,92,57,6.46,Clouds
51,Davila,PH,18.4726,120.5763,87.78,65,100,12.97,Clouds
52,Mataura,NZ,-46.1927,168.8643,61.48,46,20,2.84,Clouds
53,Carnarvon,AU,-24.8667,113.6333,73.47,68,88,16.11,Clouds
54,Bluff,NZ,-46.6,168.3333,62.8,63,78,0.69,Clouds
55,Donja Dubica,BA,45.075,18.4114,36.27,75,1,4.32,Clear
56,La Ronge,CA,55.1001,-105.2842,32.25,51,40,2.3,Clouds
57,Bredasdorp,ZA,-34.5322,20.0403,61.03,90,100,4.41,Clouds
58,Port Elizabeth,ZA,-33.918,25.5701,63.32,97,75,9.22,Rain
59,Hobart,AU,-42.8794,147.3294,61.27,67,75,4.61,Clouds
60,Katobu,ID,-4.9408,122.5276,84.07,75,96,3.36,Clouds
61,Severo-Kurilsk,RU,50.6789,156.125,32.07,82,100,7.58,Clouds
62,Mahebourg,MU,-20.4081,57.7,76.24,94,75,1.14,Thunderstorm
63,Nikolskoye,RU,59.7035,30.7861,38.71,75,100,2.98,Clouds
64,Grand-Santi,GF,4.25,-54.3833,71.38,99,81,2.1,Clouds
65,Yellowknife,CA,62.456,-114.3525,18.12,57,20,5.75,Clouds
66,Rocha,UY,-34.4833,-54.3333,56.14,93,100,3.04,Clouds
67,Fallon,US,39.4735,-118.7774,69.67,11,0,3.44,Clear
68,Cocorit,MX,27.5833,-109.9667,79.14,19,100,9.57,Clouds
69,Marovoay,MG,-16.1,46.6333,73.65,79,13,4.12,Clouds
70,Saint-Joseph,RE,-21.3667,55.6167,73.2,86,7,9.95,Clear
71,Yumen,CN,40.2833,97.2,50.31,21,0,8.75,Clear
72,Bolgatanga,GH,10.7856,-0.8514,90.01,14,100,2.66,Clouds
73,Imbituba,BR,-28.24,-48.6703,68.86,73,38,0.58,Clouds
74,Maarianhamina,AX,60.0973,19.9348,33.66,100,0,3.44,Clear
75,Caconda,AO,-13.7333,15.0667,58.46,96,24,3.98,Clouds
76,La Orilla,MX,17.9833,-102.2333,72.99,73,87,2.19,Clouds
77,Kamskiye Polyany,RU,55.4307,51.4171,34.61,99,100,3.0,Clouds
78,Hermanus,ZA,-34.4187,19.2345,59.81,87,99,9.8,Clouds
79,Tuktoyaktuk,CA,69.4541,-133.0374,15.8,67,75,6.91,Clouds
80,Hokitika,NZ,-42.7167,170.9667,62.67,58,0,4.47,Clear
81,Songea,TZ,-10.6833,35.65,61.52,99,95,2.42,Clouds
82,Vaini,TO,-21.2,-175.2,84.36,84,75,8.05,Clouds
83,Chokurdakh,RU,70.6333,147.9167,14.13,88,36,4.83,Clouds
84,Huarmey,PE,-10.0681,-78.1522,67.1,84,6,7.72,Clear
85,Paamiut,GL,61.994,-49.6678,24.89,86,94,0.83,Clouds
86,Leningradskiy,RU,69.3833,178.4167,21.11,90,95,6.02,Clouds
87,Changji,CN,44.0167,87.3167,70.59,7,0,13.42,Clear
88,Haukipudas,FI,65.1765,25.3523,30.25,93,78,4.05,Clouds
89,Baft,IR,29.234,56.6057,53.2,14,0,3.22,Clear
90,Castro,BR,-24.7911,-50.0119,50.7,98,13,5.1,Clouds
91,Asyut,EG,27.181,31.1837,79.86,13,39,3.8,Clouds
92,Krasnaya Zarya,RU,52.7825,37.6806,35.49,96,100,14.0,Rain
93,Dongsheng,CN,39.8161,109.9776,49.41,25,33,14.61,Clouds
94,Paranagua,BR,-25.52,-48.5092,62.2,95,97,1.66,Clouds
95,Odweyne,SO,9.4092,45.064,71.76,63,5,3.27,Clear
96,Tuatapere,NZ,-46.1333,167.6833,62.62,55,72,1.19,Clouds
97,Tevaitoa,PF,-16.7833,-151.5,80.74,74,15,11.14,Rain
98,Torbay,CA,47.6666,-52.7314,52.57,93,75,25.32,Clouds
99,Vila Velha,BR,-20.3297,-40.2925,75.15,81,40,9.22,Clouds
100,Inirida,CO,3.8653,-67.9239,73.51,97,100,3.0,Clouds
101,Hilo,US,19.7297,-155.09,76.28,90,75,6.91,Rain
102,College,US,64.8569,-147.8028,41.22,28,20,8.05,Clouds
103,Sochi,RU,43.6,39.7303,59.09,55,100,6.89,Clouds
104,Geraldton,AU,-28.7667,114.6,72.01,43,0,19.57,Clear
105,Nagorsk,RU,59.3172,50.8078,27.86,81,20,0.38,Clouds
106,Tasiilaq,GL,65.6145,-37.6368,31.75,95,100,8.3,Clouds
107,Barrow,US,71.2906,-156.7887,8.62,78,0,8.05,Clear
108,Kapaa,US,22.0752,-159.319,82.38,87,40,18.41,Rain
109,Bonoua,CI,5.2741,-3.595,80.22,94,100,4.74,Rain
110,Hobyo,SO,5.3505,48.5268,82.85,77,100,11.56,Rain
111,Volax,GR,41.3167,24.0,36.84,81,100,5.12,Clouds
112,Komyshuvakha,UA,47.7176,35.5288,44.29,89,100,11.86,Clouds
113,Chitral,PK,35.8462,71.7858,62.78,46,52,4.03,Clouds
114,Isangel,VU,-19.55,169.2667,83.37,71,100,3.76,Clouds
115,Vysokogornyy,RU,50.1167,139.15,32.16,76,100,4.79,Clouds
116,Les Cayes,HT,18.2,-73.75,76.3,82,94,10.45,Clouds
117,Gandai,IN,21.6667,81.1,94.75,23,1,12.84,Clear
118,San Patricio,US,28.017,-97.5169,76.87,87,50,7.18,Clouds
119,Butaritari,KI,3.0707,172.7902,81.59,73,30,12.71,Clouds
120,Cockburn Town,TC,21.4612,-71.1419,78.08,85,72,22.57,Clouds
121,Pevek,RU,69.7008,170.3133,12.06,83,28,2.59,Clouds
122,Bressuire,FR,46.9167,-0.5,46.71,94,3,7.67,Clear
123,Iqaluit,CA,63.7506,-68.5145,-9.67,77,20,10.36,Clouds
124,Georgetown,MY,5.4112,100.3354,85.93,83,20,5.75,Thunderstorm
125,Anuchino,RU,43.9622,133.0544,49.73,26,44,8.9,Clouds
126,Kruisfontein,ZA,-34.0033,24.7314,59.88,88,100,4.5,Rain
127,Kirensk,RU,57.7853,108.1119,47.3,82,100,13.35,Rain
128,San Quintin,MX,30.4833,-115.95,59.23,86,2,15.32,Clear
129,Willowmore,ZA,-33.2926,23.4895,51.62,84,77,3.74,Clouds
130,Mukhen,RU,48.1,136.1,39.74,81,99,6.26,Clouds
131,Mareeba,AU,-17.0,145.4333,85.44,64,72,7.18,Clouds
132,San Cristobal,VE,7.7669,-72.225,68.18,96,99,3.15,Clouds
133,Sao Geraldo Do Araguaia,BR,-6.4006,-48.555,73.6,96,100,0.98,Clouds
134,Kachug,RU,53.9606,105.8817,59.74,54,100,10.16,Clouds
135,Khargapur,IN,24.823,79.144,94.77,13,6,12.88,Clear
136,Chumikan,RU,54.7183,135.315,34.23,84,9,10.78,Clear
137,Camacha,PT,33.0833,-16.3333,58.42,82,40,19.57,Clouds
138,Puerto Ayora,EC,-0.7393,-90.3518,75.16,95,100,7.2,Rain
139,Hirosaki,JP,40.5931,140.4725,60.78,31,100,10.18,Clouds
140,Qaanaaq,GL,77.484,-69.3632,-20.51,70,0,6.38,Clear
141,Dakar,SN,14.6937,-17.4441,67.08,89,5,18.92,Clear
142,Thinadhoo,MV,0.5333,72.9333,83.43,71,100,9.84,Clouds
143,Canutama,BR,-6.5339,-64.3831,73.65,99,100,0.67,Clouds
144,Nome,US,64.5011,-165.4064,31.15,86,100,16.11,Snow
145,Inuvik,CA,68.3499,-133.7218,23.86,36,40,9.22,Clouds
146,Ancud,CL,-41.8697,-73.8203,56.23,89,87,6.58,Clouds
147,Lata,PT,40.1629,-8.3327,58.82,97,48,0.96,Clouds
148,Dingle,PH,10.9995,122.6711,86.05,64,47,12.97,Clouds
149,Manta,EC,-0.95,-80.7333,76.78,83,40,4.61,Clouds
150,Eureka,US,40.8021,-124.1637,56.19,67,100,5.01,Clouds
151,America Dourada,BR,-11.4553,-41.4361,68.97,89,86,9.19,Clouds
152,Formosa Do Rio Preto,BR,-11.0483,-45.1931,69.93,99,100,2.42,Clouds
153,Khatanga,RU,71.9667,102.5,9.0,91,95,15.08,Clouds
154,Sur,OM,22.5667,59.5289,86.72,45,0,7.9,Clear
155,Asmara,ER,15.3333,38.9333,60.22,38,0,4.05,Clear
156,Saint-Augustin,CA,51.226,-58.6502,31.8,98,100,10.36,Clouds
157,Nanortalik,GL,60.1432,-45.2371,29.12,88,45,10.0,Clouds
158,Malabo,GQ,3.75,8.7833,75.06,94,20,0.0,Thunderstorm
159,Port Alfred,ZA,-33.5906,26.891,59.18,94,64,1.01,Clouds
160,Vao,NC,-22.6667,167.4833,77.09,70,46,5.7,Clouds
161,Klaksvik,FO,62.2266,-6.589,50.92,97,100,22.35,Clouds
162,Saint George,US,37.1041,-113.5841,79.39,11,0,11.5,Clear
163,Muros,ES,42.7762,-9.0603,56.84,81,81,12.93,Clouds
164,Thompson,CA,55.7435,-97.8558,24.96,46,40,0.0,Clouds
165,Faanui,PF,-16.4833,-151.75,81.12,73,9,11.54,Clear
166,Mahon,ES,39.8885,4.2658,50.56,93,0,5.75,Clear
167,Grand Gaube,MU,-20.0064,57.6608,76.37,91,16,4.0,Rain
168,Zeya,RU,53.75,127.2667,42.26,30,100,10.25,Clouds
169,Ganzhou,CN,28.8184,115.4327,60.78,74,100,2.28,Rain
170,Nelson Bay,AU,-32.7167,152.15,80.1,60,40,7.76,Clouds
171,Anadyr,RU,64.75,177.4833,32.5,86,75,20.13,Snow
172,Grindavik,IS,63.8424,-22.4338,39.67,70,20,6.91,Clouds
173,Revelstoke,CA,50.9832,-118.2023,48.22,31,100,6.91,Clouds
174,Atambua,ID,-9.1061,124.8925,84.43,63,100,1.86,Clouds
175,Aksarayskiy,RU,46.7924,48.0119,52.16,67,82,7.9,Clouds
176,Roseburg,US,43.2165,-123.3417,55.51,58,0,3.44,Clear
177,Henties Bay,NA,-22.116,14.2845,61.81,76,9,2.17,Clear
178,Caetite,BR,-14.0694,-42.475,64.96,90,84,10.36,Clouds
179,Mar Del Plata,AR,-38.0023,-57.5575,63.09,92,0,11.01,Clear
180,Korla,CN,41.7597,86.1469,62.89,11,0,3.18,Clear
181,Raisen,IN,23.3333,77.8,85.1,15,2,17.47,Clear
182,Saint Anthony,US,45.0205,-93.218,35.24,91,100,6.91,Mist
183,Sinazongwe,ZM,-17.2614,27.4618,71.92,81,8,6.02,Clear
184,Gazanjyk,TM,39.2446,55.5154,54.52,80,53,4.43,Clouds
185,Tambopata,PE,-12.7333,-69.1833,70.07,82,3,3.6,Clear
186,Pisco,PE,-13.7,-76.2167,65.01,77,0,12.66,Clear
187,Avera,US,33.194,-82.5271,71.11,92,99,2.55,Clouds
188,Ketchikan,US,55.3422,-131.6461,48.67,31,0,5.75,Clear
189,Tamboril,DO,19.4854,-70.611,72.28,88,75,9.22,Clouds
190,Trzacka Rastela,BA,44.9733,15.7903,31.01,92,8,3.91,Clear
191,Rafraf,TN,37.1904,10.1837,53.91,63,9,18.97,Clear
192,Grand Forks,US,47.9417,-97.4337,31.93,93,100,11.5,Snow
193,Zhigansk,RU,66.7697,123.3711,31.71,79,100,29.15,Clouds
194,Los Algarrobos,PA,8.5,-82.4333,73.81,100,40,5.75,Clouds
195,Lagoa,PT,39.05,-27.9833,56.77,65,47,16.58,Clouds
196,Bako,ET,5.7833,36.5667,61.32,90,93,3.38,Clouds
197,Bengkulu,ID,-3.8004,102.2655,83.01,76,73,3.91,Clouds
198,Ayr,GB,55.4627,-4.6339,50.31,81,75,9.22,Rain
199,Sembakung,ID,3.8167,117.25,87.12,69,80,1.63,Clouds
200,Cherskiy,RU,68.75,161.3,16.75,83,100,4.12,Clouds
201,Mbinga,TZ,-10.9333,35.0167,61.05,99,97,2.66,Clouds
202,Lorengau,PG,-2.0226,147.2712,83.93,76,57,6.24,Clouds
203,Novaya Bryan,RU,51.7159,108.2691,64.22,25,36,5.75,Clouds
204,Sychevka,RU,55.8252,34.2736,29.17,81,17,9.69,Clouds
205,Cabo San Lucas,MX,22.8909,-109.9124,83.5,51,40,11.5,Clouds
206,Sokolo,ML,14.7328,-6.1219,80.64,15,28,9.89,Clouds
207,Norman Wells,CA,65.282,-126.8329,24.84,33,20,5.75,Clouds
208,Dikson,RU,73.5069,80.5464,3.88,94,100,1.03,Clouds
209,Bowen,AU,-20.0167,148.2333,81.77,55,6,16.8,Clear
210,Mercedes,AR,-34.6515,-59.4307,58.78,76,100,5.66,Clouds
211,Sumbe,AO,-11.2061,13.8437,77.09,91,100,6.31,Clouds
212,Binzhou,CN,37.3667,118.0167,68.54,26,100,6.4,Clouds
213,Okato,NZ,-39.2,173.8833,65.91,65,100,6.44,Clouds
214,Zhongshu,CN,24.5167,103.7667,47.77,94,100,4.94,Clouds
215,Maracas,BR,-13.4411,-40.4308,62.92,90,100,6.55,Clouds
216,Kahului,US,20.8947,-156.47,82.42,66,20,24.16,Clouds
217,Ginda,IN,30.6945,78.4932,75.85,18,1,1.68,Clear
218,Esperance,AU,-33.8667,121.9,66.04,59,43,9.62,Clouds
219,Ostrovnoy,RU,68.0531,39.5131,33.13,93,100,6.69,Clouds
220,Tongzi,CN,28.7829,105.0877,56.97,80,100,4.36,Clouds
221,Coihaique,CL,-45.5752,-72.0662,52.41,71,100,6.91,Clouds
222,Rio Gallegos,AR,-51.6226,-69.2181,44.65,87,0,11.5,Clear
223,Hasaki,JP,35.7333,140.8333,68.29,66,100,12.53,Rain
224,Forestville,US,38.8451,-76.875,49.06,43,0,16.11,Clear
225,Mizdah,LY,31.4451,12.9801,56.35,54,11,7.36,Clouds
226,Zhytomyr,UA,50.2649,28.6767,28.98,85,14,6.13,Clouds
227,Pangody,RU,65.85,74.4859,15.87,89,98,11.3,Clouds
228,Kalmunai,LK,7.4167,81.8167,82.96,76,64,4.03,Clouds
229,Xichang,CN,27.8964,102.2634,47.23,82,100,4.07,Clouds
230,Balao,EC,-2.9167,-79.8167,74.66,89,99,4.0,Clouds
231,Mwinilunga,ZM,-11.7358,24.4293,60.13,98,100,3.22,Clouds
232,Calama,CL,-22.4667,-68.9333,45.09,14,0,10.36,Clear
233,Mount Kisco,US,41.2043,-73.7271,43.81,55,0,8.05,Clear
234,Shwebo,MM,22.5667,95.7,95.41,35,15,10.98,Clouds
235,Lyudinovo,RU,53.8664,34.4478,32.11,98,100,11.21,Snow
236,Deyang,CN,31.1302,104.382,62.33,62,100,2.53,Clouds
237,Sabang,ID,5.8933,95.3214,83.52,70,93,6.96,Clouds
238,Upernavik,GL,72.7868,-56.1549,-4.04,90,100,11.9,Clouds
239,Polunochnoye,RU,60.8697,60.4153,28.29,81,87,4.36,Clouds
240,Kununurra,AU,-15.7667,128.7333,91.38,62,2,5.75,Clear
241,Oranjemund,NA,-28.55,16.4333,60.69,65,0,5.86,Clear
242,Borogontsy,RU,62.6683,131.1683,35.29,72,93,11.68,Clouds
243,Linxia,CN,35.6003,103.2064,47.5,34,5,4.74,Clear
244,Sinnamary,GF,5.3833,-52.95,77.16,87,69,8.03,Clouds
245,Kribi,CM,2.95,9.9167,78.31,91,100,3.33,Rain
246,Saint-Pierre,RE,-21.3393,55.4781,73.29,82,20,3.44,Clouds
247,Praia,CV,14.9215,-23.5087,70.34,78,75,11.5,Clouds
248,Paracuru,BR,-3.41,-39.0306,82.11,86,92,4.09,Clouds
249,Bubaque,GW,11.2833,-15.8333,74.28,76,8,14.99,Clear
250,Lompoc,US,34.6391,-120.4579,58.78,78,0,14.97,Clear
251,Ermelo,ZA,-26.5333,29.9833,50.0,99,100,3.49,Clouds
252,Waipawa,NZ,-41.4122,175.5153,59.76,66,60,12.93,Clouds
253,Leh,IN,34.1667,77.5833,39.76,42,2,1.12,Clear
254,Coquimbo,CL,-29.9533,-71.3436,55.13,94,100,8.05,Clouds
255,Codrington,AU,-38.2667,141.9667,59.0,73,100,9.46,Rain
256,Alihe,CN,50.5667,123.7167,49.96,29,100,8.57,Clouds
257,Pangnirtung,CA,66.1451,-65.7125,-8.3,100,100,3.6,Clouds
258,Maryville,US,35.7565,-83.9705,61.0,61,100,10.36,Clouds
259,Ponta Do Sol,PT,32.6667,-17.1,65.12,56,50,12.77,Clouds
260,Chernyshevskiy,RU,63.0128,112.4714,28.76,81,100,15.99,Clouds
261,Kenai,US,60.5544,-151.2583,45.03,55,100,4.61,Clouds
262,Srednekolymsk,RU,67.45,153.6833,24.24,85,99,6.85,Clouds
263,Kaitangata,NZ,-46.2817,169.8464,59.04,58,16,4.16,Clouds
264,Chadan,RU,51.2833,91.5833,54.64,26,100,3.42,Clouds
265,Anchorage,US,61.2181,-149.9003,47.28,62,100,6.91,Rain
266,Kikwit,CD,-5.041,18.8162,70.54,95,86,2.33,Clouds
267,Seoul,KR,37.5683,126.9778,62.2,35,75,8.05,Haze
268,Benguela,AO,-12.5763,13.4055,76.37,89,100,1.88,Rain
269,Pekan,MY,3.4836,103.3996,82.51,69,85,7.47,Rain
270,Riachao,BR,-7.3619,-46.6172,72.72,91,100,1.39,Clouds
271,Port Lincoln,AU,-34.7333,135.8667,61.48,68,100,8.63,Rain
272,High Level,CA,58.5169,-117.136,17.71,67,100,12.66,Clouds
273,Emborion,GR,40.4833,21.55,37.76,99,100,4.9,Clouds
274,Carahue,CL,-38.7,-73.1667,48.74,89,4,1.39,Clear
275,Barsovo,RU,61.1667,73.1667,24.93,93,97,5.03,Snow
276,Petropavlovsk-Kamchatskiy,RU,53.0452,158.6483,39.79,38,75,15.66,Clouds
277,Muisne,EC,0.6,-80.0333,75.31,85,80,7.36,Clouds
278,Clyde River,CA,70.4692,-68.5914,-14.57,76,100,5.75,Snow
279,Fernandopolis,BR,-20.2839,-50.2464,61.21,73,0,7.0,Clear
280,Chalmette,US,29.9427,-89.9634,78.8,74,20,13.8,Clouds
281,Broome,US,42.2506,-75.833,34.66,61,0,3.0,Clear
282,Komsomolskiy,UZ,40.4272,71.7189,65.12,42,53,6.91,Clouds
283,Southbridge,US,42.0751,-72.0334,39.92,70,0,4.85,Clear
284,Sechura,PE,-5.5569,-80.8222,68.94,74,45,16.24,Clouds
285,Gizo,SB,-8.103,156.8419,84.24,70,50,8.43,Rain
286,Nouadhibou,MR,20.931,-17.0347,64.38,94,40,5.75,Clouds
287,Port Said,EG,31.2565,32.2841,78.78,36,0,14.97,Clear
288,Mokhsogollokh,RU,61.4681,128.9203,35.46,59,100,12.82,Clouds
289,Bayanday,RU,53.0661,105.5139,57.87,50,60,8.03,Clouds
290,Brae,GB,60.3964,-1.353,45.88,82,100,23.78,Clouds
291,Igunga,TZ,-4.2833,33.8833,66.06,88,100,3.8,Clouds
292,Olafsvik,IS,64.8945,-23.7142,42.04,71,100,10.25,Clouds
293,Kholodnyy,RU,62.7167,147.95,17.53,70,100,3.31,Clouds
294,Comodoro Rivadavia,AR,-45.8667,-67.5,62.46,48,0,6.91,Clear
295,Wismar,DE,53.9,11.4667,38.25,79,9,4.63,Clear
296,Colombia,CU,20.9881,-77.4297,71.11,89,26,5.32,Rain
297,Santa Comba,ES,43.0331,-8.8093,52.54,90,100,6.76,Clouds
298,Malaryta,BY,51.7905,24.074,30.83,80,24,5.64,Clouds
299,Uyuni,BO,-20.4597,-66.825,42.4,15,0,8.03,Clear
300,Oistins,BB,13.0667,-59.5333,78.89,78,40,19.57,Clouds
301,Ahipara,NZ,-35.1667,173.1667,70.99,86,100,11.34,Clouds
302,Qaqortoq,GL,60.7167,-46.0333,25.63,87,32,0.85,Clouds
303,Sungai Besar,MY,3.6746,100.9867,82.51,80,100,3.78,Clouds
304,Troitskoye,RU,52.9821,84.6757,55.44,66,91,2.64,Clouds
305,Nieuw Amsterdam,SR,5.8833,-55.0833,79.02,89,41,8.37,Clouds
306,Tiksi,RU,71.6872,128.8694,7.29,94,95,4.25,Clouds
307,Waingapu,ID,-9.6567,120.2641,83.84,77,58,7.76,Clouds
308,Aklavik,CA,68.2191,-135.0107,17.49,88,94,10.16,Clouds
309,Billings,US,45.7833,-108.5007,38.97,60,40,10.36,Clouds
310,Lasa,IT,46.6166,10.7002,35.37,70,3,3.58,Clear
311,Inta,RU,66.0317,60.1659,28.71,94,100,16.51,Clouds
312,Yeppoon,AU,-23.1333,150.7333,83.98,60,12,12.3,Clouds
313,Provideniya,RU,64.3833,-173.3,32.36,86,100,20.13,Snow
314,Bathsheba,BB,13.2167,-59.5167,79.41,78,40,19.57,Clouds
315,Bandarbeyla,SO,9.4942,50.8122,80.58,81,17,8.28,Clouds
316,Inongo,CD,-1.95,18.2667,72.63,93,100,4.21,Rain
317,Padang,ID,-0.9492,100.3543,75.25,79,100,3.33,Rain
318,Jining,CN,35.405,116.5814,68.79,38,15,8.39,Clouds
319,Binga,ZW,-17.6203,27.3414,69.12,82,55,3.96,Clouds
320,Mendi,PG,-6.1761,143.6513,66.45,79,98,3.78,Clouds
321,Botou,CN,38.0667,116.5667,67.28,25,100,6.26,Clouds
322,Necochea,AR,-38.5473,-58.7368,57.13,89,91,8.95,Clouds
323,Asau,RO,46.4333,26.4,31.28,85,53,4.97,Clouds
324,Bridlington,GB,54.0831,-0.1919,50.9,90,74,8.01,Clouds
325,Cobija,BO,-11.0267,-68.7692,76.21,74,93,4.94,Clouds
326,Evensk,RU,61.95,159.2333,30.29,90,100,4.16,Clouds
327,Marion,US,39.7684,-86.1555,47.19,51,100,12.66,Clouds
328,Ayagoz,KZ,47.9714,80.4392,62.82,19,79,3.62,Clouds
329,Archidona,ES,37.0965,-4.3887,58.91,62,98,3.69,Clouds
330,Fort Nelson,CA,58.8053,-122.7002,20.79,42,75,0.0,Clouds
331,Rawson,AR,-43.3002,-65.1023,61.27,70,1,21.85,Clear
332,Teguldet,RU,57.3064,88.1667,35.92,64,72,8.75,Clouds
333,Bosaso,SO,11.2842,49.1816,83.95,56,1,5.41,Clear
334,Vila Franca Do Campo,PT,37.7167,-25.4333,57.61,72,81,13.35,Clouds
335,Linjiang,CN,41.8069,126.9078,57.76,29,62,10.11,Clouds
336,Punta Gorda,US,26.9298,-82.0454,79.0,73,0,5.99,Clear
337,Faya,SA,18.3851,42.4509,62.71,37,12,3.42,Clouds
338,Talcahuano,CL,-36.7167,-73.1167,49.68,100,40,4.61,Clouds
339,Kodiak,US,57.79,-152.4072,40.51,65,100,13.8,Clouds
340,Mount Isa,AU,-20.7333,139.5,91.17,16,0,9.22,Clear
341,Asosa,ET,10.0667,34.5333,64.89,77,29,5.12,Clouds
342,Dauphin,CA,51.1494,-100.0502,23.14,80,100,4.61,Clouds
343,Guarapari,BR,-20.6667,-40.4975,73.89,82,51,9.78,Clouds
344,Mao,ES,39.8885,4.2658,50.56,93,0,5.75,Clear
345,Dunmore Town,BS,25.5,-76.65,76.15,80,12,14.76,Clouds
346,Voiron,FR,45.3639,5.5921,48.06,71,1,2.75,Clear
347,Flinders,AU,-34.5833,150.8552,80.19,60,100,4.0,Clouds
348,Talisay,PH,10.2447,123.8494,86.02,66,40,10.36,Clouds
349,Sile,TR,41.1754,29.6133,50.58,77,100,7.0,Clouds
350,Nicoya,CR,10.1483,-85.452,80.44,75,100,4.25,Clouds
351,Artvin,TR,41.1667,41.8333,48.56,55,90,7.54,Clouds
352,Mitsamiouli,KM,-11.3847,43.2844,80.74,73,5,5.97,Clear
353,Whitehorse,CA,60.7161,-135.0538,32.02,46,75,10.36,Clouds
354,Sao Filipe,CV,14.8961,-24.4956,70.79,77,23,3.36,Clouds
355,Tenenkou,ML,14.4572,-4.9169,78.87,14,99,10.09,Clouds
356,Neiafu,TO,-18.65,-173.9833,86.68,74,40,8.05,Clouds
357,Tucurui,BR,-3.7661,-49.6725,73.87,97,100,3.22,Clouds
358,Baghdad,IQ,33.3406,44.4009,60.71,39,100,6.91,Clouds
359,Luderitz,NA,-26.6481,15.1594,68.95,48,0,7.99,Clear
360,Minna,NG,9.6139,6.5569,76.71,78,20,5.75,Thunderstorm
361,Homer,US,59.6425,-151.5483,42.69,68,100,4.61,Clouds
362,Yatou,CN,37.15,122.3833,63.84,35,100,8.79,Clouds
363,Imatra,FI,61.1719,28.7524,39.58,73,88,2.51,Clouds
364,Pundaguitan,PH,6.3711,126.1689,82.6,73,92,7.74,Clouds
365,Souillac,MU,-20.5167,57.5167,73.78,94,75,1.14,Thunderstorm
366,Nikel,RU,69.4128,30.222,37.58,97,100,6.87,Clouds
367,Guerrero Negro,MX,27.9769,-114.0611,59.43,85,73,16.89,Clouds
368,Jinchang,CN,38.4953,102.1739,48.96,28,0,6.78,Clear
369,Chizhou,CN,30.6578,117.4831,63.88,68,91,5.19,Clouds
370,Egvekinot,RU,66.3167,-179.1667,26.49,96,100,10.38,Snow
371,Roald,NO,62.5833,6.1333,45.75,93,100,3.44,Clouds
372,Saint-Georges,GD,12.0564,-61.7485,80.28,78,20,13.8,Clouds
373,Tiberias,IL,32.7922,35.5312,81.9,18,95,7.85,Clouds
374,Tuban,ID,-6.8976,112.0649,86.36,69,59,4.12,Clouds
375,Ajdabiya,LY,30.7554,20.2263,59.25,78,14,10.8,Clouds
376,Almaznyy,RU,48.0448,40.045,51.44,70,100,10.98,Clouds
377,Namibe,AO,-15.1961,12.1522,72.32,77,55,1.03,Clouds
378,Noyabrsk,RU,63.1994,75.4507,23.02,82,48,9.26,Clouds
379,Palmer,US,42.1584,-72.3287,40.37,68,20,6.91,Clouds
380,Bikin,RU,46.8161,134.26,49.64,29,16,9.46,Clouds
381,Cinisi,IT,38.1562,13.1073,52.81,81,40,2.3,Clouds
382,Shimoda,JP,34.6667,138.95,62.96,80,100,7.27,Rain
383,Turukhansk,RU,65.8167,87.9833,11.55,88,100,11.43,Clouds
384,Balsas,BR,-7.5325,-46.0356,74.5,90,100,1.12,Clouds
385,Roma,US,43.2128,-75.4557,35.74,65,0,0.0,Clear
386,Camocim,BR,-2.9022,-40.8411,77.77,89,84,5.61,Clouds
387,Sao Joao Da Barra,BR,-21.6403,-41.0511,68.4,79,0,10.11,Clear
388,Dunedin,NZ,-45.8742,170.5036,61.81,63,8,11.01,Clear
389,Ribeira Grande,PT,38.5167,-28.7,58.01,68,63,20.89,Clouds
390,Cidreira,BR,-30.1811,-50.2056,67.08,75,76,11.5,Clouds
391,Narsaq,GL,60.9167,-46.05,32.22,89,46,1.43,Clouds
392,Pavilosta,LV,56.8879,21.1859,28.31,65,46,4.09,Clouds
393,Te Anau,NZ,-45.4167,167.7167,63.72,52,36,4.45,Clouds
394,Ruteng,ID,-8.6136,120.4721,73.02,78,45,1.52,Clouds
395,Thessalon,CA,46.2501,-83.5666,28.69,82,12,1.66,Clouds
396,Estevan,CA,49.1334,-102.9842,15.22,85,0,6.91,Clear
397,Octeville,FR,49.6261,-1.6435,48.69,93,0,11.5,Clear
398,Honningsvag,NO,70.9821,25.9704,38.95,93,100,8.05,Clouds
399,Kasungu,MW,-13.0333,33.4833,62.02,97,9,2.89,Clear
400,Spa,BE,50.4837,5.8667,48.4,85,0,5.03,Clear
401,At-Bashi,KG,41.1702,75.8106,52.99,37,4,2.89,Clear
402,Oktyabrskoye,RU,43.0645,44.7417,39.34,87,36,4.47,Clouds
403,Portland,US,45.5234,-122.6762,55.99,49,100,9.22,Clouds
404,Harper,LR,4.375,-7.7169,77.11,88,95,0.16,Clouds
405,Adoni,IN,15.6333,77.2833,85.93,45,29,4.65,Clouds
406,Kasongo-Lunda,CD,-6.4667,16.8167,69.64,99,99,1.34,Clouds
407,Road Town,VG,18.4167,-64.6167,78.89,78,40,13.8,Clouds
408,Flin Flon,CA,54.7682,-101.865,21.96,94,97,2.3,Clouds
409,North Bend,US,43.4065,-124.2243,51.71,78,40,8.05,Clouds
410,Presidente Medici,BR,-11.1753,-61.9014,71.64,97,100,3.11,Clouds
411,Chingirlau,KZ,51.095,54.0814,51.64,54,79,6.2,Clouds
412,Gat,IL,31.61,34.7642,87.78,15,21,20.74,Clouds
413,Vestmannaeyjar,IS,63.4427,-20.2734,41.86,72,41,8.3,Clouds
414,Kalundborg,DK,55.6795,11.0886,40.33,61,8,4.59,Clear
415,Playa Vicente,MX,17.8333,-95.8167,82.58,52,3,4.85,Clear
416,Yar-Sale,RU,66.8333,70.8333,17.08,86,100,9.75,Clouds
417,Honiara,SB,-9.4333,159.95,84.38,74,59,6.85,Clouds
418,Veraval,IN,20.9,70.3667,82.26,61,0,5.73,Clear
419,Plouzane,FR,48.3833,-4.6167,50.32,100,100,8.05,Clouds
420,Ambon,ID,-3.6954,128.1814,89.74,66,40,8.05,Clouds
421,Hailar,CN,49.2,119.7,57.27,36,96,19.55,Clouds
422,Vejprty,CZ,50.4923,13.0321,36.48,78,39,10.0,Clouds
423,Fairbanks,US,64.8378,-147.7164,41.0,30,0,8.05,Clear
424,Nara,JP,34.6851,135.8049,71.49,42,100,2.64,Clouds
425,Doraha,IN,30.8167,76.0167,93.9,27,3,4.38,Clear
426,Valparaiso,CL,-33.0393,-71.6273,55.47,78,100,2.3,Clouds
427,Cayeli,TR,41.0923,40.7292,63.46,49,100,8.55,Clouds
428,Stokmarknes,NO,68.5646,14.9108,39.18,93,100,5.75,Rain
429,Bondo,CD,3.8146,23.6866,68.45,99,96,1.7,Rain
430,Viana,BR,-20.3903,-40.4961,74.97,88,84,4.12,Clouds
431,Hovd,MN,48.0056,91.6419,53.74,12,3,3.18,Clear
432,Svirsk,RU,53.0858,103.3325,60.15,40,83,3.49,Clouds
433,Yaan,NG,7.3833,8.5667,75.92,80,100,7.92,Rain
434,Bafq,IR,31.6128,55.4107,62.67,38,100,10.09,Clouds
435,Suoyarvi,RU,62.0833,32.35,34.74,97,100,3.2,Clouds
436,Chandler,US,33.3062,-111.8412,87.19,13,0,8.05,Clear
437,Mahibadhoo,MV,3.7833,72.9667,84.15,69,59,11.63,Clouds
438,Sitka,US,57.0531,-135.33,46.29,49,75,4.61,Clouds
439,Luanda,AO,-8.8368,13.2343,76.08,92,100,6.22,Clouds
440,Tambovka,RU,50.0969,128.0489,47.62,26,55,10.18,Clouds
441,Cananeia,BR,-25.0147,-47.9267,67.08,82,87,2.75,Clouds
442,Labytnangi,RU,66.6572,66.4183,23.13,89,100,7.74,Clouds
443,Monterey,US,36.2505,-121.2516,52.18,30,94,8.77,Clouds
444,Ballina,AU,-28.8667,153.5667,75.38,69,100,9.22,Clouds
445,Horni Benesov,CZ,49.9668,17.6026,35.74,66,63,3.29,Clouds
446,Dangriga,BZ,16.9692,-88.2321,78.84,78,98,8.55,Clouds
447,Wyszkow,PL,52.5928,21.4584,41.11,78,14,6.33,Clouds
448,Adrar,MR,20.5022,-10.0711,74.07,15,82,12.01,Clouds
449,Olinda,BR,-8.0089,-34.8553,83.93,65,40,5.75,Clouds
450,Marystown,CA,47.1666,-55.1483,40.19,98,100,13.8,Clouds
451,Mogadishu,SO,2.0371,45.3438,82.31,81,94,7.74,Clouds
452,Muroto,JP,33.2833,134.15,64.27,46,100,4.9,Clouds
453,Sao Miguel Do Araguaia,BR,-13.275,-50.1628,73.56,88,100,0.81,Clouds
454,Winslow,US,35.0242,-110.6974,73.58,7,0,3.44,Clear
455,Manzil Salim,TN,35.8567,8.4765,44.73,85,0,11.5,Clear
456,Khor,RU,47.8861,134.9464,44.06,52,95,10.76,Clouds
457,Puerto Escondido,MX,15.85,-97.0667,83.23,69,0,6.91,Clear
458,Alice Springs,AU,-23.7,133.8833,81.95,30,1,12.66,Clear
459,Kaka,TM,37.3482,59.6143,53.51,74,100,11.36,Clouds
460,Arona,ES,28.0996,-16.681,77.52,17,0,20.71,Clear
461,Rosh Pinna,IL,32.9689,35.5426,76.14,15,80,7.47,Clouds
462,Krasnoselkup,RU,65.7,82.4667,16.63,90,100,16.04,Clouds
463,Yulara,AU,-25.2406,130.9889,78.64,25,40,4.61,Clouds
464,Ust-Ilimsk,RU,58.0006,102.6619,45.5,72,100,15.86,Clouds
465,Myaundzha,RU,63.0494,147.1858,17.42,75,100,3.09,Clouds
466,Black River,JM,18.0264,-77.8487,75.85,81,0,3.69,Clear
467,Carutapera,BR,-1.195,-46.02,75.47,93,100,1.61,Clouds
468,Tura,IN,25.5198,90.2201,79.81,72,26,5.86,Clouds
469,Greenville,US,35.6127,-77.3663,55.56,65,0,13.8,Clear
470,Makakilo City,US,21.3469,-158.0858,77.32,68,100,17.27,Clouds
471,Beringovskiy,RU,63.05,179.3167,31.35,96,100,6.42,Snow
472,Namatanai,PG,-3.6667,152.4333,86.27,61,96,10.58,Clouds
473,Katsuura,JP,35.1333,140.3,63.36,69,100,11.41,Rain
474,Moerai,PF,-22.4333,-151.3333,79.7,69,10,3.11,Clear
475,Naze,JP,28.3667,129.4833,68.92,59,51,8.28,Clouds
476,Goes,NL,51.5042,3.8889,51.78,62,99,8.63,Clouds
477,Marsa Matruh,EG,31.3525,27.2453,61.0,82,98,14.97,Clouds
478,Pacific Grove,US,36.6177,-121.9166,57.45,76,0,4.61,Clear
479,Nalgonda,IN,17.05,79.2667,88.47,53,99,6.46,Clouds
480,Frontera,MX,26.9333,-101.45,82.33,60,49,5.01,Clouds
481,San Policarpo,PH,12.1791,125.5072,84.02,62,99,9.6,Clouds
482,Sillamae,EE,59.3997,27.7547,35.28,76,100,6.11,Snow
483,Salaga,GH,8.5508,-0.5188,82.9,60,100,6.55,Clouds
484,Vyazemskiy,RU,47.5378,134.7525,46.9,41,72,10.11,Clouds
485,Goundam,ML,16.4145,-3.6708,73.45,20,32,7.74,Clouds
486,Inhambane,MZ,-23.865,35.3833,71.82,92,76,3.44,Rain
487,Maniitsoq,GL,65.4167,-52.9,22.6,87,100,2.55,Clouds
488,Vagur,FO,61.4732,-6.8119,46.18,89,100,26.46,Clouds
489,Ewo,CG,-0.8725,14.8206,75.61,84,99,1.63,Clouds
490,Nong Khai,TH,17.9167,103.0833,78.3,65,88,6.67,Clouds
491,Padong,PH,18.0522,120.7567,87.28,34,100,3.78,Clouds
492,Kaeo,NZ,-35.1,173.7833,69.33,98,100,13.67,Clouds
493,Prabumulih,ID,-3.45,104.25,84.56,76,81,2.77,Clouds
494,Bagnan,IN,22.9242,88.14,90.97,47,4,12.35,Clear
495,Los Llanos De Aridane,ES,28.6585,-17.9182,73.15,36,100,13.8,Clouds
496,Harwich,GB,51.9419,1.2844,51.01,86,32,5.73,Clouds
497,Mocorito,MX,25.4833,-107.9167,76.26,17,72,3.31,Clouds
498,Bull Savanna,JM,17.8868,-77.5902,73.6,81,0,6.08,Clear
499,Zhezkazgan,KZ,47.8043,67.7144,51.78,71,20,20.13,Clouds
500,Rusape,ZW,-18.5278,32.1284,59.2,97,94,5.35,Clouds
501,Wad Rawah,SD,15.1603,33.1397,88.59,33,3,6.73,Clear
502,Shaunavon,CA,49.6501,-108.4181,29.98,89,71,3.42,Clouds
503,Fortuna,US,40.5982,-124.1573,50.99,62,0,5.75,Clear
504,Andenes,NO,69.3143,16.1194,42.78,81,100,11.5,Clouds
505,Quijingue,BR,-10.7525,-39.2092,70.88,97,100,4.29,Clouds
506,Ust-Kulom,RU,61.6864,53.6902,31.05,82,32,5.14,Clouds
507,Karratha,AU,-20.7377,116.8463,93.15,27,6,22.66,Clear
508,Zabolotovka,RU,50.2737,39.3147,50.56,79,100,6.02,Clouds
509,Kawalu,ID,-7.3817,108.2082,88.52,54,71,2.13,Clouds
510,Mwense,ZM,-10.3845,28.698,64.42,95,6,4.54,Clear
511,Totesti,RO,45.5667,22.8833,34.07,93,70,1.01,Clouds
512,Sabzevar,IR,36.2126,57.6819,47.48,87,75,9.22,Clouds
513,Yendi,GH,9.4427,-0.0099,85.93,49,100,1.97,Clouds
514,Gazli,UZ,40.1333,63.45,62.37,58,100,19.75,Clouds
515,Mugla,TR,37.2303,28.3557,50.67,90,41,7.16,Clouds
516,Swedru,GH,5.5371,-0.6998,76.57,92,99,4.59,Clouds
517,Lavrentiya,RU,65.5833,-171.0,31.77,97,100,14.76,Snow
518,Springdale,US,36.1867,-94.1288,50.11,88,100,11.5,Clouds
519,Arzgir,RU,45.3728,44.2206,48.54,80,65,8.88,Clouds
520,Mecca,SA,21.4267,39.8261,78.69,36,5,1.7,Clear
521,Rudbar,AF,30.15,62.6,67.66,48,3,9.75,Clear
522,Jacareacanga,BR,-6.2222,-57.7528,72.95,99,100,2.1,Rain
523,Simav,TR,39.0882,28.9777,47.55,63,7,2.17,Clear
524,Tieli,CN,46.95,128.05,50.94,19,6,12.93,Clear
525,Jabinyanah,TN,35.035,10.9081,57.0,65,0,18.86,Clear
526,Maxixe,MZ,-23.8597,35.3472,71.1,94,79,2.82,Rain
527,Luganville,VU,-15.5333,167.1667,84.63,69,61,6.31,Clouds
528,Sandakan,MY,5.8402,118.1179,85.68,74,40,5.99,Clouds
529,Sonipat,IN,28.9833,77.0167,86.0,10,5,2.68,Clear
530,Grants,US,35.1473,-107.8514,61.03,10,0,9.22,Clear
531,Mehamn,NO,71.0357,27.8492,39.31,97,100,13.33,Clouds
532,Shenjiamen,CN,29.9576,122.298,56.53,67,100,5.55,Clouds
533,Areosa,PT,41.7178,-8.8571,53.64,91,0,14.56,Clear
534,Kristiansund,NO,63.1115,7.732,45.25,61,100,4.61,Clouds
535,Capao Da Canoa,BR,-29.7456,-50.0097,63.79,78,98,6.58,Clouds
536,Antofagasta,CL,-23.65,-70.4,58.28,84,60,4.56,Clouds
537,Emerald,AU,-23.5333,148.1667,82.54,36,40,11.5,Clouds
538,Khasan,RU,42.4308,130.6434,49.87,41,75,1.36,Clouds
539,Pizarro,CO,4.9533,-77.366,77.11,89,100,4.34,Rain
540,Ilulissat,GL,69.2167,-51.1,-2.88,93,94,6.06,Clouds
541,Kushima,JP,31.4583,131.2333,69.78,47,100,4.76,Clouds
542,Nizwa,OM,22.9333,57.5333,83.03,30,0,0.78,Clear
543,Dali,CN,25.7,100.1833,56.95,77,90,4.94,Clouds
544,Tautira,PF,-17.7333,-149.15,80.89,74,28,10.33,Clouds
545,Aginskoye,RU,51.1,114.53,60.8,33,100,17.81,Clouds
546,Kabanjahe,ID,3.1001,98.4908,73.35,79,100,2.28,Clouds
547,Qasigiannguit,GL,68.8193,-51.1922,-2.24,92,100,5.93,Clouds
548,Bella Vista,US,36.4295,-94.2316,50.9,82,100,11.5,Clouds
549,Semey,KZ,50.4111,80.2275,55.62,41,0,6.71,Clear
550,Vydrino,RU,51.485,104.8461,46.31,69,26,1.54,Clouds
551,Sao Gabriel Da Cachoeira,BR,-0.1303,-67.0892,73.11,98,88,1.92,Rain
552,Tilichiki,RU,60.4667,166.1,25.09,79,44,7.18,Clouds
553,Maraa,BR,-1.8333,-65.3667,73.63,98,100,3.31,Clouds
554,Yerbogachen,RU,61.2767,108.0108,34.59,75,89,13.44,Snow
555,Jiuquan,CN,39.7432,98.5174,53.98,19,0,8.39,Clear
556,Mehran,IR,33.1222,46.1646,68.7,22,42,5.37,Clouds
557,Nijar,ES,36.9665,-2.206,59.65,82,0,4.61,Clear
558,Entre Rios,BR,-11.9419,-38.0844,71.87,98,100,1.54,Clouds
559,Nishihara,JP,26.1842,127.7558,74.48,64,75,9.22,Clouds
560,Bunia,CD,1.5667,30.25,63.54,88,100,4.23,Clouds
561,Sumter,US,28.7086,-82.0831,73.35,82,20,4.41,Clouds
562,Richards Bay,ZA,-28.783,32.0377,63.34,94,100,2.57,Rain
563,Beaverlodge,CA,55.2166,-119.4361,34.95,58,100,11.14,Clouds
564,Deputatskiy,RU,69.3,139.9,10.8,90,98,4.38,Clouds
565,Milan,IT,45.4643,9.1895,52.88,46,40,4.61,Clouds
566,Meadow Lake,US,34.8014,-106.5436,71.08,17,0,9.93,Clear
567,Brownwood,US,31.7093,-98.9912,73.4,28,75,10.36,Clouds
568,Zhangye,CN,38.9342,100.4517,53.76,20,0,4.36,Clear
569,Fez,MA,34.0372,-4.9998,61.05,58,0,2.3,Clear
570,Meulaboh,ID,4.1363,96.1285,83.66,75,100,1.28,Clouds
571,Qurayyat,SA,31.3318,37.3428,60.98,17,0,9.22,Clear
572,Kui Buri,TH,12.0828,99.8543,90.37,56,79,4.88,Clouds
573,Platanos,GR,37.6667,21.6167,58.08,79,94,5.99,Clouds
574,Kosh-Agach,RU,50.0,88.6667,42.39,23,100,2.75,Clouds
575,Dicamay,PH,16.7561,122.0037,84.94,64,74,4.76,Clouds
576,Letka,RU,59.6011,49.4232,29.55,83,24,3.11,Clouds
577,Gambela,ET,8.25,34.5833,74.01,77,20,4.32,Clouds
578,Bara,NG,10.3744,10.7288,79.61,65,99,4.34,Rain
579,Wanxian,CN,30.8039,108.3897,60.37,76,100,1.79,Clouds
580,Baykit,RU,61.67,96.37,26.91,75,99,13.22,Clouds
581,Prado,BR,-17.3411,-39.2208,75.85,71,96,9.57,Clouds
582,Viedma,AR,-40.8135,-62.9967,58.08,71,0,11.39,Clear
583,Snasa,NO,64.2457,12.3778,32.59,87,93,3.29,Clouds
584,Tahoua,NE,14.8888,5.2692,78.6,12,98,7.49,Clouds
585,Novopokrovka,UA,49.8425,36.5477,42.71,89,100,6.78,Clouds
586,Barranco,PA,9.5167,-82.7,76.08,89,100,1.97,Clouds
587,Nantucket,US,41.2835,-70.0995,44.71,59,0,9.22,Clear
588,Manakara,MG,-22.1333,48.0167,71.28,94,38,3.42,Clouds
589,Tomatlan,MX,19.9333,-105.25,69.19,86,96,1.77,Clouds
590,Balkanabat,TM,39.5108,54.3671,54.64,78,23,1.14,Clouds
591,Shingu,JP,33.7333,135.9833,66.54,74,100,7.85,Clouds
592,Porto Torres,IT,40.835,8.3972,41.18,55,37,4.92,Clouds
593,Salalah,OM,17.0151,54.0924,80.69,89,40,2.3,Clouds
594,Cozumel,MX,20.5083,-86.9458,78.01,80,0,3.0,Clear
595,Monclova,MX,26.9,-101.4167,82.06,60,41,5.01,Clouds
596,Barretos,BR,-20.5572,-48.5678,63.12,65,5,9.01,Clear
597,Acapulco,MX,16.8634,-99.8901,78.15,67,27,5.19,Clouds
598,Rundu,NA,-17.9333,19.7667,63.0,96,45,3.76,Rain
599,Tazovskiy,RU,67.4667,78.7,13.77,91,100,12.57,Clouds
600,Hirara,JP,24.8,125.2833,76.86,64,40,11.5,Clouds
601,Laguna,US,38.421,-121.4238,66.18,30,0,11.5,Clear
602,Gilgit,PK,35.9221,74.3087,64.08,30,4,3.56,Clear
603,Poum,NC,-20.2333,164.0167,76.39,73,100,3.53,Clouds
604,Nkowakowa,ZA,-23.8878,30.2871,62.33,92,99,1.03,Clouds
605,Ramhormoz,IR,31.28,49.6035,68.38,19,0,2.1,Clear
606,Jilib,SO,0.4883,42.7854,78.44,85,100,4.94,Clouds
607,Bethlehem,BR,-1.4558,-48.5044,77.04,94,40,3.44,Rain
608,Madanapalle,IN,13.55,78.5,83.19,45,15,3.27,Clouds
609,Byron Bay,AU,-28.65,153.6167,75.09,62,63,6.71,Clouds
610,Fairview,US,40.8126,-73.999,45.63,40,0,12.66,Clear
611,Imeni Babushkina,RU,59.7573,43.1285,30.58,90,99,3.51,Clouds
612,Bhadrachalam,IN,17.6667,80.8833,88.68,52,71,3.04,Clouds
613,Havelock,US,34.8791,-76.9013,58.98,65,75,17.27,Clouds
614,Nabire,ID,-3.3667,135.4833,85.59,70,99,2.95,Clouds
615,Saint-Michel-Des-Saints,CA,46.6834,-73.9159,29.93,88,12,7.54,Clouds
616,Alofi,NU,-19.0595,-169.9187,85.89,66,98,11.5,Clouds
617,San-Pedro,CI,4.7485,-6.6363,77.07,86,100,3.49,Clouds
618,Taoudenni,ML,22.6783,-3.9836,74.17,24,4,8.9,Clear
619,Goderich,CA,43.7501,-81.7165,35.91,80,2,5.75,Clear
620,Kirakira,SB,-10.4544,161.9205,84.4,69,92,8.19,Clouds
621,Katima Mulilo,NA,-17.5,24.2667,64.53,94,29,6.02,Clouds
622,Placido De Castro,BR,-10.3353,-67.1856,71.35,97,82,3.65,Clouds
623,Chulman,RU,56.8479,124.9104,25.84,94,100,10.09,Snow
624,Nuuk,GL,64.1835,-51.7216,23.88,85,100,4.0,Clouds
625,Menongue,AO,-14.6585,17.691,60.69,97,22,3.13,Clouds
626,Coari,BR,-4.085,-63.1414,72.93,97,87,2.06,Clouds
627,Pitimbu,BR,-7.4706,-34.8086,79.39,78,91,8.5,Clouds
628,Abu Kamal,SY,34.4506,40.9171,67.87,19,99,6.87,Clouds
629,Malakal,SS,9.5334,31.6605,83.05,48,8,4.07,Clear
630,Erenhot,CN,43.6475,111.9767,54.03,19,0,8.79,Clear
631,Miles City,US,46.4083,-105.8406,34.77,60,0,3.44,Clear
632,Sampit,ID,-2.5333,112.95,90.18,56,100,3.02,Clouds
633,Okhotsk,RU,59.3833,143.3,26.92,81,98,0.94,Clouds
634,Karasburg,NA,-28.0167,18.75,63.93,45,0,10.11,Clear
635,Florianopolis,BR,-27.6146,-48.5012,65.41,88,20,4.61,Clouds
636,Axim,GH,4.8699,-2.2405,78.58,87,100,6.87,Rain
637,Amboasary,MG,-25.0333,46.3833,71.49,87,78,3.94,Clouds
638,Zhigalovo,RU,54.8097,105.1578,55.36,71,100,9.48,Clouds
639,Sikasso,ML,10.9167,-7.0,82.09,52,100,5.08,Clouds
640,Bilibino,RU,68.0546,166.4372,25.14,81,99,1.5,Clouds
641,Swan Hill,AU,-35.3378,143.5544,67.96,61,100,7.49,Rain
642,Kieta,PG,-6.2167,155.6333,83.98,71,68,3.98,Rain
643,Abu Zabad,SD,12.35,29.25,83.44,34,8,5.32,Clear
644,Sharlyk,RU,52.9167,54.75,47.71,66,100,6.4,Clouds
645,Saldanha,ZA,-33.0117,17.9442,53.65,72,62,8.21,Clouds
646,Huicungo,PE,-7.2833,-76.8,73.31,92,86,1.07,Clouds
647,Ranong,TH,9.9658,98.6348,85.93,64,86,2.19,Clouds
648,Pocatello,US,42.8713,-112.4455,46.31,53,40,8.05,Clouds
649,Hamilton,US,39.1834,-84.5333,45.88,55,0,5.75,Clear
650,Sooke,CA,48.3746,-123.7276,50.58,61,100,23.02,Clouds
651,Bria,CF,6.5423,21.9863,71.85,92,100,0.92,Clouds
652,Parsons,US,37.3403,-95.2611,45.86,93,99,10.31,Clouds
653,Ilhabela,BR,-23.7781,-45.3581,68.56,78,87,0.56,Clouds
654,Novyy Urgal,RU,51.0736,132.5642,34.59,73,75,3.04,Clouds
655,Gao,ML,16.6362,1.637,73.62,17,99,7.99,Clouds
656,Emilio Carranza,MX,19.9711,-96.6114,78.04,83,8,10.31,Clear
657,Skjervoy,NO,70.0311,20.9714,37.4,90,100,5.32,Rain
658,Port Hardy,CA,50.6996,-127.4199,50.0,61,100,19.57,Clouds
659,Aykhal,RU,66.0,111.5,22.48,90,100,21.63,Clouds
660,Houston,US,29.7633,-95.3633,80.15,77,75,5.75,Clouds
661,Leshukonskoye,RU,64.8989,45.7622,32.4,98,100,5.17,Snow
662,Havre-Saint-Pierre,CA,50.2334,-63.5986,39.2,93,100,16.11,Clouds
663,Cervo,ES,43.6702,-7.4101,54.64,94,98,9.93,Clouds
664,De Aar,ZA,-30.6497,24.0123,55.56,66,0,5.28,Clear
665,Tessalit,ML,20.1986,1.0114,68.92,24,0,9.46,Clear
666,Philadelphia,US,39.9523,-75.1638,45.0,45,0,6.91,Clear
667,Falmouth,GB,50.1544,-5.0711,47.3,93,96,3.44,Clouds
668,Batemans Bay,AU,-35.7167,150.1833,71.1,45,100,3.85,Clouds
669,Belyy Yar,RU,53.6039,91.3903,55.85,41,0,6.71,Clear
670,Cumpas,MX,29.9833,-109.7833,74.93,7,14,3.29,Clouds
671,Port Keats,AU,-14.25,129.55,90.39,54,18,5.64,Clouds
672,Jumla,NP,29.2747,82.1838,65.68,31,69,2.06,Clouds
673,Pedasi,PA,7.5333,-80.0333,80.38,79,86,4.59,Clouds
674,Lakatoro,VU,-16.0999,167.4164,83.79,71,61,3.83,Clouds
675,Rovaniemi,FI,66.5,25.7167,35.01,86,0,3.44,Clear
676,Teahupoo,PF,-17.8333,-149.2667,78.76,72,28,9.73,Rain
677,Shubarshi,KZ,48.5872,57.1869,54.3,59,1,4.07,Clear
678,Straumen,NO,63.8709,11.2999,35.6,90,97,2.13,Clouds
679,Hoi An,VN,15.8794,108.335,85.96,73,100,1.41,Clouds
680,Kungurtug,RU,50.5994,97.5228,47.66,47,3,1.01,Clear
681,Kralendijk,BQ,12.15,-68.2667,78.78,89,40,11.5,Clouds
682,Chengde,CN,40.9725,117.9361,65.57,17,0,1.74,Clear
683,Lagunillas,VE,10.1301,-71.2595,78.17,83,80,4.05,Clouds
684,Ponerihouen,NC,-21.0833,165.4,77.77,69,100,0.51,Rain
685,Noumea,NC,-22.2763,166.4572,84.18,99,55,7.94,Clouds
686,Auki,SB,-8.7676,160.7034,86.0,63,87,3.65,Clouds
687,Lingao,CN,19.9103,109.6859,79.02,77,87,9.44,Clouds
688,Buala,SB,-8.145,159.5921,82.71,78,84,7.83,Rain
689,Muli,MV,2.9167,73.5667,84.06,68,43,10.33,Clouds
690,Nurota,UZ,40.5614,65.6886,63.18,51,100,3.96,Rain
691,Diban,SY,35.0365,40.5167,67.44,19,99,7.99,Clouds
692,Yongan,CN,39.6957,113.6871,50.22,52,100,4.21,Clouds
693,Serov,RU,59.6033,60.5787,30.99,68,76,3.04,Clouds
694,Chuy,UY,-33.6971,-53.4616,61.77,84,100,6.17,Clouds
695,Kaukauna,US,44.278,-88.272,37.38,68,100,8.01,Clouds
696,Phayakkhaphum Phisai,TH,15.5163,103.1937,87.42,69,100,8.14,Clouds
697,Piopio,NZ,-38.4667,175.0167,61.09,95,100,5.7,Clouds
698,Russell,US,32.3502,-85.1999,65.48,94,75,0.0,Mist
699,Loreto,MX,22.2667,-101.9667,75.07,12,16,6.85,Clouds
700,Bongandanga,CD,1.5,21.05,72.54,94,76,1.39,Clouds
701,Diego De Almagro,CL,-26.3667,-70.05,58.77,47,0,1.19,Clear
702,Marzuq,YE,14.4,46.4667,70.99,39,1,2.33,Clear
703,San Matias,BO,-16.3667,-58.4,76.91,55,48,4.52,Clouds
704,Rantepao,ID,-2.9701,119.8978,81.84,64,82,4.0,Clouds
705,Ouallam,NE,14.3188,2.0866,81.55,12,100,8.39,Clouds
706,Tubbergen,NL,52.4,6.7667,46.99,53,0,7.56,Clear
707,Haines Junction,CA,60.7522,-137.5108,33.75,34,100,3.44,Clouds
708,Kutum,SD,14.2,24.6667,76.82,16,78,6.42,Clouds
709,Zavallya,UA,48.2135,30.0156,34.18,80,98,10.38,Clouds
710,Nizhniy Kuranakh,RU,58.8353,125.4869,32.11,90,100,9.48,Snow
711,Reinosa,ES,42.9996,-4.138,44.46,93,0,4.0,Clear
712,Alpena,US,45.0617,-83.4327,32.18,78,0,5.75,Clear
713,Kitakata,JP,37.65,139.8667,65.01,43,99,2.17,Clouds
714,Batagay-Alyta,RU,67.8006,130.4114,12.81,84,99,4.97,Clouds
715,Mocuba,MZ,-16.8392,36.9856,71.22,93,99,3.06,Clouds
716,Paita,PE,-5.0892,-81.1144,68.63,77,61,14.61,Clouds
717,Sao Raimundo Das Mangabeiras,BR,-7.0219,-45.4811,74.75,89,95,0.87,Clouds
718,Husavik,IS,66.0449,-17.3389,38.32,98,100,2.33,Rain
719,Gidam,IN,18.9833,81.4,89.49,36,65,3.94,Clouds
720,Port Hedland,AU,-20.3167,118.5667,95.05,20,13,21.85,Clouds
721,Ovre Ardal,NO,61.3167,7.8,28.62,65,99,6.15,Clouds
722,Biak,ID,-0.9131,122.8766,83.55,67,100,2.44,Clouds
723,Salinopolis,BR,-0.6136,-47.3561,77.09,88,100,2.21,Rain
724,Chiredzi,ZW,-21.05,31.6667,64.36,90,100,3.53,Clouds
725,Bulgan,MN,48.8125,103.5347,55.53,27,18,8.77,Clouds
726,Sakaiminato,JP,35.55,133.2333,64.38,27,75,4.61,Clouds
727,Hutang,CN,31.5333,119.4833,60.75,70,100,4.88,Clouds
728,Ucluelet,CA,48.9329,-125.5528,49.08,70,100,1.01,Clouds
729,Ouango,CF,4.3133,22.5552,72.45,87,99,0.92,Rain
730,Campbell River,CA,50.0163,-125.2446,49.44,43,75,10.36,Clouds
731,Agogo,GH,6.8,-1.0819,73.08,92,100,5.01,Clouds
732,Bilma,NE,18.6853,12.9164,76.48,17,9,9.04,Clear
733,Altay,CN,47.8667,88.1167,57.24,31,56,3.42,Clouds
